index,start,end,timecode,duration,lead,reveal,hold,exit,speaker,text
0,0.000,4.793,00:00.000,4.793,0.000,2.543,2.000,0.250,Narration,"The Princess Frog lets out a final wail as its form dissolves into the whirling blizzard."
1,4.793,9.953,00:04.792,5.160,0.000,2.110,2.800,0.250,Narration,"In the center of the crater, Ives sways before crashing into the snow."
2,9.953,11.522,00:09.952,1.569,0.200,0.119,1.000,0.250,Jackie,"IVES!"
3,11.522,15.882,00:11.521,4.360,0.200,1.910,2.000,0.250,Narration,"Jackie presses her fingers to Ives' neck, checking for a pulse."
4,15.882,19.257,00:15.881,3.375,0.600,1.425,1.100,0.250,Ives,"...Jackie?"
5,19.257,23.130,00:19.256,3.873,0.000,1.963,1.660,0.250,Jackie,"I'm here! Just hold on. We have to get you back to Kade."
6,23.130,27.879,00:23.130,4.749,0.000,3.299,1.200,0.250,Ives,"No can do, kid. My legs... they don't move."
7,27.879,32.481,00:27.879,4.601,0.000,3.051,1.300,0.250,Narration,"Jackie scrambles through her pockets. Takes out her Serum. It's pink."
8,32.481,35.342,00:32.480,2.861,0.400,0.971,1.240,0.250,Narration,"Jackie sets the serum in the snow."
9,35.342,38.146,00:35.341,2.804,0.200,1.114,1.240,0.250,Narration,"And wraps her arms tightly around Ives."
10,38.146,40.769,00:38.146,2.623,0.000,1.203,1.170,0.250,Jackie,"I-I can still carry you back."
11,40.769,43.885,00:40.769,3.116,0.000,1.486,1.380,0.250,Narration,"Jackie gets under Ives' shoulder and begins to lift."
12,43.885,47.938,00:43.884,4.054,0.000,2.564,1.240,0.250,Ives,"Ah, kid... Just, give me a sec."
13,47.938,49.223,00:47.938,1.285,0.000,0.935,0.000,0.350,Jackie,"Ives, you don't have the time to–"
14,49.223,52.023,00:49.223,2.800,0.800,0.350,1.400,0.250,Jackie,"..."
15,52.023,56.270,00:52.023,4.247,0.000,2.687,1.310,0.250,Jackie,"Alright. Just... please tell me you'll be alright."
16,56.270,58.418,00:56.270,2.148,0.000,0.798,1.100,0.250,Ives,"Sorry, kid."
17,58.418,62.418,00:58.417,4.000,0.000,2.450,1.300,0.250,Ives,"I can't be making any more promises I can't keep."
18,62.418,67.618,01:02.417,5.200,0.000,3.750,1.200,0.250,Ives,"I promised before we'd find out what happened to your Ma, together."
19,67.618,71.668,01:07.617,4.050,0.000,2.700,1.100,0.250,Ives,"Look at me now, not much use to you like this."
20,71.668,75.670,01:11.667,4.003,0.000,2.453,1.300,0.250,Narration,"A burning sensation rises in Jackie's chest, threatening to burst from her throat."
21,75.670,77.040,01:15.670,1.370,0.000,1.020,0.000,0.350,Jackie,"Ives, I'm so sorry, it's all my—"
22,77.040,78.740,01:17.040,1.700,0.700,0.000,1.000,0.000,Jackie,"..."
23,78.740,81.825,01:18.740,3.085,0.300,1.235,1.300,0.250,Jackie,"""Fight its shape, not its strength."""
24,81.825,84.822,01:21.825,2.996,0.000,1.436,1.310,0.250,Jackie,"You taught me that. It saved my life."
25,84.822,88.207,01:24.821,3.386,0.200,1.486,1.450,0.250,Narration,"Jackie pulls up her pant leg to reveal the dressing."
26,88.207,90.721,01:28.207,2.514,0.000,1.094,1.170,0.250,Jackie,"We've been together the whole time."
27,90.721,93.440,01:30.721,2.719,0.200,1.029,1.240,0.250,Narration,"Jackie eases Ives down with her arm."
28,93.440,96.817,01:33.439,3.377,0.000,1.827,1.300,0.250,Jackie,"Every lesson, every exam, every terrible day."
29,96.817,100.791,01:36.816,3.974,0.000,2.324,1.400,0.250,Jackie,"You were there, and you didn't ask anything from me in return."
30,100.791,102.670,01:40.791,1.879,0.400,0.429,0.800,0.250,Ives,"Kid..."
31,102.670,105.791,01:42.669,3.121,0.200,1.171,1.500,0.250,Narration,"Jackie tightens her grasp on Ives' shirt."
32,105.791,109.961,01:45.791,4.170,0.600,1.920,1.400,0.250,Jackie,"I... found out what happened to Ma."
33,109.961,112.965,01:49.961,3.003,0.500,1.253,1.000,0.250,Ives,"...You did?"
34,112.965,117.165,01:52.964,4.200,0.000,2.750,1.200,0.250,Jackie,"Yeah, she’s still hiding. But I think I see her shadow now."
35,117.165,124.626,01:57.164,7.461,0.400,5.411,1.400,0.250,Ives,"...You've been playing hide and seek with her for quite some time now. Haven't you."
36,124.626,129.502,02:04.625,4.877,0.300,2.827,1.500,0.250,Narration,"Jackie grasps harder. Tears begin to stream down her face. She nods."
37,129.502,134.300,02:09.502,4.798,0.000,3.348,1.200,0.250,Ives,"...Shit. C'mere, these arms still work."
38,134.300,138.803,02:14.299,4.503,0.200,2.533,1.520,0.250,Narration,"Ives rests her arms on Jackie's shoulders, and brings her close."
39,138.803,144.262,02:18.803,5.459,0.000,4.009,1.200,0.250,Ives,"You know. I expected you to haul me off earlier."
40,144.262,146.228,02:24.261,1.967,0.000,0.717,1.000,0.250,Jackie,"Y-you did?"
41,146.228,149.592,02:26.228,3.363,0.000,1.813,1.300,0.250,Ives,"Yeah. Glad I was wrong."
42,149.592,155.242,02:29.591,5.650,0.000,3.800,1.600,0.250,Ives,"Wouldn't be sitting here hearing about your Ma otherwise."
43,155.242,158.042,02:35.241,2.800,0.700,0.350,1.500,0.250,Jackie,"..."
44,158.042,163.192,02:38.041,5.150,0.400,3.000,1.500,0.250,Narration,"Jackie's breathing steadies. And she pushes herself up to face Ives."
45,163.192,166.791,02:43.191,3.599,0.200,2.049,1.100,0.250,Jackie,"It's about time we get going. Don't you think?"
46,166.791,169.708,02:46.790,2.917,0.200,1.467,1.000,0.250,Ives,"Yeah, I suppose so."
47,169.708,173.760,02:49.708,4.051,0.200,2.081,1.520,0.250,Narration,"Jackie puts her right shoulder under Ives' shoulder, propping her up."
48,173.760,179.087,02:53.759,5.327,0.000,3.877,1.200,0.250,Ives,"...You're the one helping me off the floor now."
49,179.087,183.317,02:59.086,4.230,0.000,2.740,1.240,0.250,Jackie,"...Why not, you my babysitter or something?"
50,183.317,187.004,03:03.316,3.687,0.300,1.737,1.400,0.250,Narration,"Jackie puts her fist out. Ives looks at it briefly."
51,187.004,191.575,03:07.003,4.571,0.000,3.291,1.030,0.250,Ives,"...Hah, no. Never was."
52,191.575,194.040,03:11.575,2.464,0.400,0.514,1.300,0.250,Narration,"And Ives meets it."
53,194.040,201.153,03:14.039,7.113,0.400,5.083,1.380,0.250,Ives,"Will you... take me with you one more time?"
54,201.153,206.026,03:21.152,4.873,0.000,3.383,1.240,0.250,Jackie,"Yeah. Wherever I am. Wherever I'll go."
55,206.026,210.230,03:26.026,4.203,0.000,2.353,1.600,0.250,Ives,"Good... That's good..."
56,210.230,216.261,03:30.229,6.031,1.500,2.481,1.800,0.250,Narration,"Ives lets out a long breath, before she closes her eyes and leans on Jackie's back."
57,216.261,221.562,03:36.260,5.301,0.800,2.651,1.600,0.250,Narration,"Feeling Ives' breath quiet on her back. Jackie rolls to the side and heaves upward."
58,221.562,227.041,03:41.562,5.479,0.600,3.129,1.500,0.250,Narration,"Standing against the wind and snow, Jackie turns towards the arm across her shoulder."
59,227.041,230.491,03:47.040,3.450,0.700,0.500,2.000,0.250,Jackie,"Any time."
60,230.491,236.805,03:50.490,6.314,1.200,2.364,2.500,0.250,Narration,"And begins the long trek back towards the firelight."
